-- =========================================================
-- Plory (team-5) 콘텐츠 시드
-- schema.sql 실행 후 1회 실행하세요. (idempotent)
--   - 식물 종 DB (자동완성/카테고리 대상) 25종
--   - 데모 계정 + 데모 피드 8건
-- 데모 로그인: sydney_sad@plory.app / Plory123
-- =========================================================

-- ---------- 식물 종 ----------
insert into species (id, name, image_url) values
  ('c0000000-0000-4000-8000-000000000001','몬스테라 델리시오사','https://images.unsplash.com/photo-1614594975525-e45190c55d0b?w=600&q=80'),
  ('c0000000-0000-4000-8000-000000000002','몬스테라 아단소니','https://images.unsplash.com/photo-1545241047-6083a3684587?w=600&q=80'),
  ('c0000000-0000-4000-8000-000000000003','몬스테라 알보','https://images.unsplash.com/photo-1463320726281-696a485928c7?w=600&q=80'),
  ('c0000000-0000-4000-8000-000000000004','스투키','https://images.unsplash.com/photo-1593691509543-c55fb32d8de5?w=600&q=80'),
  ('c0000000-0000-4000-8000-000000000005','황금벤자민','https://images.unsplash.com/photo-1485955900006-10f4d324d411?w=600&q=80'),
  ('c0000000-0000-4000-8000-000000000006','금전수','https://images.unsplash.com/photo-1509423350716-97f9360b4e09?w=600&q=80'),
  ('c0000000-0000-4000-8000-000000000007','호야','https://images.unsplash.com/photo-1416879595882-3373a0480b5b?w=600&q=80'),
  ('c0000000-0000-4000-8000-000000000008','안스리움','https://images.unsplash.com/photo-1604762524889-3e2fcc145683?w=600&q=80'),
  ('c0000000-0000-4000-8000-000000000009','스파티필름','https://images.unsplash.com/photo-1602923668104-8f9e03e77e62?w=600&q=80'),
  ('c0000000-0000-4000-8000-000000000010','제라늄','https://images.unsplash.com/photo-1632207691143-643e2a9a9361?w=600&q=80'),
  ('c0000000-0000-4000-8000-000000000011','아글라오네마','https://images.unsplash.com/photo-1572688484438-313a6e50c333?w=600&q=80'),
  ('c0000000-0000-4000-8000-000000000012','아레카야자','https://images.unsplash.com/photo-1591958911259-bee2173bdccc?w=600&q=80'),
  ('c0000000-0000-4000-8000-000000000013','알로카시아 몬타나','https://images.unsplash.com/photo-1530968033775-2c92736b131e?w=600&q=80'),
  ('c0000000-0000-4000-8000-000000000014','보스턴 고사리','https://images.unsplash.com/photo-1521334884684-d80222895322?w=600&q=80'),
  ('c0000000-0000-4000-8000-000000000015','목베고니아','https://images.unsplash.com/photo-1466692476868-aef1dfb1e735?w=600&q=80'),
  ('c0000000-0000-4000-8000-000000000016','산세베리아','https://images.unsplash.com/photo-1453904300235-0f2f60b15b5d?w=600&q=80'),
  ('c0000000-0000-4000-8000-000000000017','스킨답서스','https://images.unsplash.com/photo-1614594975525-e45190c55d0b?w=600&q=80'),
  ('c0000000-0000-4000-8000-000000000018','테이블야자','https://images.unsplash.com/photo-1591958911259-bee2173bdccc?w=600&q=80'),
  ('c0000000-0000-4000-8000-000000000019','고무나무','https://images.unsplash.com/photo-1485955900006-10f4d324d411?w=600&q=80'),
  ('c0000000-0000-4000-8000-000000000020','칼라데아','https://images.unsplash.com/photo-1572688484438-313a6e50c333?w=600&q=80'),
  ('c0000000-0000-4000-8000-000000000021','필로덴드론','https://images.unsplash.com/photo-1463320726281-696a485928c7?w=600&q=80'),
  ('c0000000-0000-4000-8000-000000000022','드라세나','https://images.unsplash.com/photo-1530968033775-2c92736b131e?w=600&q=80'),
  ('c0000000-0000-4000-8000-000000000023','올리브나무','https://images.unsplash.com/photo-1466692476868-aef1dfb1e735?w=600&q=80'),
  ('c0000000-0000-4000-8000-000000000024','유칼립투스','https://images.unsplash.com/photo-1521334884684-d80222895322?w=600&q=80'),
  ('c0000000-0000-4000-8000-000000000025','디펜바키아','https://images.unsplash.com/photo-1602923668104-8f9e03e77e62?w=600&q=80')
on conflict (name) do update set image_url = excluded.image_url;

-- ---------- 데모 사용자 ----------
insert into users (id, email, password, nickname) values
  ('a0000000-0000-4000-8000-0000000000ff','sydney_sad@plory.app','Plory123','sydney_sad')
on conflict (email) do nothing;

-- ---------- 데모 내 식물 ----------
insert into plants (id, user_id, species_id, nickname, image_url) values
  ('b0000000-0000-4000-8000-000000000001','a0000000-0000-4000-8000-0000000000ff','c0000000-0000-4000-8000-000000000001','몬크크','https://images.unsplash.com/photo-1614594975525-e45190c55d0b?w=600&q=80'),
  ('b0000000-0000-4000-8000-000000000004','a0000000-0000-4000-8000-0000000000ff','c0000000-0000-4000-8000-000000000004','뾰족이','https://images.unsplash.com/photo-1593691509543-c55fb32d8de5?w=600&q=80'),
  ('b0000000-0000-4000-8000-000000000005','a0000000-0000-4000-8000-0000000000ff','c0000000-0000-4000-8000-000000000005','벤이','https://images.unsplash.com/photo-1485955900006-10f4d324d411?w=600&q=80'),
  ('b0000000-0000-4000-8000-000000000006','a0000000-0000-4000-8000-0000000000ff','c0000000-0000-4000-8000-000000000006','복돌이','https://images.unsplash.com/photo-1509423350716-97f9360b4e09?w=600&q=80'),
  ('b0000000-0000-4000-8000-000000000007','a0000000-0000-4000-8000-0000000000ff','c0000000-0000-4000-8000-000000000007','하트','https://images.unsplash.com/photo-1416879595882-3373a0480b5b?w=600&q=80'),
  ('b0000000-0000-4000-8000-000000000008','a0000000-0000-4000-8000-0000000000ff','c0000000-0000-4000-8000-000000000008','빨강이','https://images.unsplash.com/photo-1604762524889-3e2fcc145683?w=600&q=80'),
  ('b0000000-0000-4000-8000-000000000009','a0000000-0000-4000-8000-0000000000ff','c0000000-0000-4000-8000-000000000009','평화','https://images.unsplash.com/photo-1602923668104-8f9e03e77e62?w=600&q=80'),
  ('b0000000-0000-4000-8000-000000000010','a0000000-0000-4000-8000-0000000000ff','c0000000-0000-4000-8000-000000000010','제리','https://images.unsplash.com/photo-1632207691143-643e2a9a9361?w=600&q=80')
on conflict (id) do nothing;

-- ---------- 데모 게시글 ----------
insert into posts (id, user_id, plant_id, species_id, caption, reaction_sun, reaction_water, reaction_sprout) values
  ('d0000000-0000-4000-8000-000000000001','a0000000-0000-4000-8000-0000000000ff','b0000000-0000-4000-8000-000000000001','c0000000-0000-4000-8000-000000000001','무럭무럭 자라나는 나의 몬스테라~
아프지 말고 잘 자라다오 !',16,3,22),
  ('d0000000-0000-4000-8000-000000000004','a0000000-0000-4000-8000-0000000000ff','b0000000-0000-4000-8000-000000000004','c0000000-0000-4000-8000-000000000004','물 없이도 잘 크는 스투키. 게으른 집사에게 딱 ㅎㅎ',9,1,14),
  ('d0000000-0000-4000-8000-000000000005','a0000000-0000-4000-8000-0000000000ff','b0000000-0000-4000-8000-000000000005','c0000000-0000-4000-8000-000000000005','노란 잎이 매력적인 황금벤자민 🌿',12,2,18),
  ('d0000000-0000-4000-8000-000000000006','a0000000-0000-4000-8000-0000000000ff','b0000000-0000-4000-8000-000000000006','c0000000-0000-4000-8000-000000000006','돈 들어오라고 키우는 금전수 ㅎㅎ 잎이 반짝반짝',20,4,25),
  ('d0000000-0000-4000-8000-000000000007','a0000000-0000-4000-8000-0000000000ff','b0000000-0000-4000-8000-000000000007','c0000000-0000-4000-8000-000000000007','하트 모양 잎이 너무 귀여운 호야 💚',31,5,28),
  ('d0000000-0000-4000-8000-000000000008','a0000000-0000-4000-8000-0000000000ff','b0000000-0000-4000-8000-000000000008','c0000000-0000-4000-8000-000000000008','새빨간 꽃이 올라온 안스리움! 거실 분위기 담당',24,3,19),
  ('d0000000-0000-4000-8000-000000000009','a0000000-0000-4000-8000-0000000000ff','b0000000-0000-4000-8000-000000000009','c0000000-0000-4000-8000-000000000009','공기정화 끝판왕 스파티필름 🤍',15,2,21),
  ('d0000000-0000-4000-8000-000000000010','a0000000-0000-4000-8000-0000000000ff','b0000000-0000-4000-8000-000000000010','c0000000-0000-4000-8000-000000000010','베란다에서 꽃 피운 제라늄 🌸 향기가 좋아요',18,1,17)
on conflict (id) do nothing;

-- ---------- 데모 게시글 이미지 ----------
insert into post_images (post_id, url, order_index) values
  ('d0000000-0000-4000-8000-000000000001','https://images.unsplash.com/photo-1614594975525-e45190c55d0b?w=900&q=80',0),
  ('d0000000-0000-4000-8000-000000000001','https://images.unsplash.com/photo-1545241047-6083a3684587?w=900&q=80',1),
  ('d0000000-0000-4000-8000-000000000001','https://images.unsplash.com/photo-1463320726281-696a485928c7?w=900&q=80',2),
  ('d0000000-0000-4000-8000-000000000004','https://images.unsplash.com/photo-1593691509543-c55fb32d8de5?w=900&q=80',0),
  ('d0000000-0000-4000-8000-000000000005','https://images.unsplash.com/photo-1485955900006-10f4d324d411?w=900&q=80',0),
  ('d0000000-0000-4000-8000-000000000006','https://images.unsplash.com/photo-1509423350716-97f9360b4e09?w=900&q=80',0),
  ('d0000000-0000-4000-8000-000000000007','https://images.unsplash.com/photo-1416879595882-3373a0480b5b?w=900&q=80',0),
  ('d0000000-0000-4000-8000-000000000008','https://images.unsplash.com/photo-1604762524889-3e2fcc145683?w=900&q=80',0),
  ('d0000000-0000-4000-8000-000000000009','https://images.unsplash.com/photo-1602923668104-8f9e03e77e62?w=900&q=80',0),
  ('d0000000-0000-4000-8000-000000000010','https://images.unsplash.com/photo-1632207691143-643e2a9a9361?w=900&q=80',0)
on conflict do nothing;

-- ---------- 데모 팔로우 (홈 카테고리 탭 노출용) ----------
insert into follows (user_id, species_id) values
  ('a0000000-0000-4000-8000-0000000000ff','c0000000-0000-4000-8000-000000000001'),
  ('a0000000-0000-4000-8000-0000000000ff','c0000000-0000-4000-8000-000000000004'),
  ('a0000000-0000-4000-8000-0000000000ff','c0000000-0000-4000-8000-000000000005')
on conflict (user_id, species_id) do nothing;
